park,time,ptype
Fruška Gora National Park,2005-01-31T23:00:00Z,3.3414306640625
Fruška Gora National Park,2005-02-28T23:00:00Z,3.3857421875
Fruška Gora National Park,2005-03-31T23:00:00Z,3.040283203125
Fruška Gora National Park,2005-04-30T23:00:00Z,3.0806884765625
Fruška Gora National Park,2005-05-31T23:00:00Z,3.0806884765625
Fruška Gora National Park,2005-06-30T23:00:00Z,3.0927734375
Fruška Gora National Park,2005-07-31T23:00:00Z,3.0416259765625
Fruška Gora National Park,2005-08-31T23:00:00Z,3.0416259765625
Fruška Gora National Park,2005-09-30T23:00:00Z,2.92333984375
Fruška Gora National Park,2005-10-31T23:00:00Z,2.7406005859375
Fruška Gora National Park,2005-11-30T23:00:00Z,2.7406005859375
Fruška Gora National Park,2005-12-31T23:00:00Z,2.646484375
Fruška Gora National Park,2006-01-31T23:00:00Z,2.6639404296875
Fruška Gora National Park,2006-02-28T23:00:00Z,2.6639404296875
Fruška Gora National Park,2006-03-31T23:00:00Z,2.801025390625
Fruška Gora National Park,2006-04-30T23:00:00Z,3.2218017578125
Fruška Gora National Park,2006-05-31T23:00:00Z,3.2218017578125
Fruška Gora National Park,2006-06-30T23:00:00Z,3.8857421875
Fruška Gora National Park,2006-07-31T23:00:00Z,3.981201171875
Fruška Gora National Park,2006-08-31T23:00:00Z,3.040283203125
Fruška Gora National Park,2006-09-30T23:00:00Z,3.0806884765625
Fruška Gora National Park,2006-10-31T23:00:00Z,3.0806884765625
Fruška Gora National Park,2006-11-30T23:00:00Z,3.0927734375
Fruška Gora National Park,2006-12-31T23:00:00Z,3.0416259765625
Fruška Gora National Park,2007-01-31T23:00:00Z,3.0416259765625
Fruška Gora National Park,2007-02-28T23:00:00Z,2.92333984375
Fruška Gora National Park,2007-03-31T23:00:00Z,2.7406005859375
Fruška Gora National Park,2007-04-30T23:00:00Z,2.7406005859375
Fruška Gora National Park,2007-05-31T23:00:00Z,2.646484375
Fruška Gora National Park,2007-06-30T23:00:00Z,2.6639404296875
Fruška Gora National Park,2007-07-31T23:00:00Z,2.6639404296875
Fruška Gora National Park,2007-08-31T23:00:00Z,2.801025390625
Fruška Gora National Park,2007-09-30T23:00:00Z,3.2218017578125
Fruška Gora National Park,2007-10-31T23:00:00Z,3.2218017578125
Fruška Gora National Park,2007-11-30T23:00:00Z,3.8857421875
Fruška Gora National Park,2007-12-31T23:00:00Z,3.981201171875
Fruška Gora National Park,2008-01-31T23:00:00Z,2.8575439453125
Fruška Gora National Park,2008-02-29T23:00:00Z,2.8387451171875
Fruška Gora National Park,2008-03-31T23:00:00Z,2.8387451171875
Fruška Gora National Park,2008-04-30T23:00:00Z,3.051025390625
Fruška Gora National Park,2008-05-31T23:00:00Z,3.09814453125
Fruška Gora National Park,2008-06-30T23:00:00Z,3.09814453125
Fruška Gora National Park,2008-07-31T23:00:00Z,2.8280029296875
Fruška Gora National Park,2008-08-31T23:00:00Z,2.6719970703125
Fruška Gora National Park,2008-09-30T23:00:00Z,2.6719970703125
Fruška Gora National Park,2008-10-31T23:00:00Z,2.6317138671875
Fruška Gora National Park,2008-11-30T23:00:00Z,2.646484375
Fruška Gora National Park,2008-12-31T23:00:00Z,2.646484375
Fruška Gora National Park,2009-01-31T23:00:00Z,3.2218017578125
Fruška Gora National Park,2009-02-28T23:00:00Z,3.888427734375
Fruška Gora National Park,2009-03-31T23:00:00Z,3.888427734375
Fruška Gora National Park,2009-04-30T23:00:00Z,3.9718017578125
Fruška Gora National Park,2009-05-31T23:00:00Z,3.84814453125
Fruška Gora National Park,2009-06-30T23:00:00Z,3.100830078125
Fruška Gora National Park,2009-07-31T23:00:00Z,2.79833984375
Fruška Gora National Park,2009-08-31T23:00:00Z,2.79833984375
Fruška Gora National Park,2009-09-30T23:00:00Z,2.8575439453125
Fruška Gora National Park,2009-10-31T23:00:00Z,2.6800537109375
Fruška Gora National Park,2009-11-30T23:00:00Z,2.6800537109375
Fruška Gora National Park,2009-12-31T23:00:00Z,2.55908203125
Fruška Gora National Park,2010-01-31T23:00:00Z,2.6357421875
Fruška Gora National Park,2010-02-28T23:00:00Z,2.6357421875
Fruška Gora National Park,2010-03-31T23:00:00Z,2.736572265625
Fruška Gora National Park,2010-04-30T23:00:00Z,2.8736572265625
Fruška Gora National Park,2010-05-31T23:00:00Z,2.8736572265625
Fruška Gora National Park,2010-06-30T23:00:00Z,3.6639404296875
Fruška Gora National Park,2010-07-31T23:00:00Z,3.986572265625
Fruška Gora National Park,2010-08-31T23:00:00Z,3.986572265625
Fruška Gora National Park,2010-09-30T23:00:00Z,3.6922607421875
Fruška Gora National Park,2010-10-31T23:00:00Z,3.3521728515625
Fruška Gora National Park,2010-11-30T23:00:00Z,3.2781982421875
Fruška Gora National Park,2010-12-31T23:00:00Z,2.9556884765625
Fruška Gora National Park,2011-01-31T23:00:00Z,2.9556884765625
Fruška Gora National Park,2011-02-28T23:00:00Z,2.8172607421875
Fruška Gora National Park,2011-03-31T23:00:00Z,2.7083740234375
Fruška Gora National Park,2011-04-30T23:00:00Z,2.7083740234375
Fruška Gora National Park,2011-05-31T23:00:00Z,2.595458984375
Fruška Gora National Park,2011-06-30T23:00:00Z,2.7822265625
Fruška Gora National Park,2011-07-31T23:00:00Z,2.7822265625
Fruška Gora National Park,2011-08-31T23:00:00Z,2.768798828125
Fruška Gora National Park,2011-09-30T23:00:00Z,3.06591796875
Fruška Gora National Park,2011-10-31T23:00:00Z,3.06591796875
Fruška Gora National Park,2011-11-30T23:00:00Z,3.6800537109375
Fruška Gora National Park,2011-12-31T23:00:00Z,3.7110595703125
Fruška Gora National Park,2012-01-31T23:00:00Z,3.7110595703125
Fruška Gora National Park,2012-02-29T23:00:00Z,3.25
Fruška Gora National Park,2012-03-31T23:00:00Z,3.170654296875
Fruška Gora National Park,2012-04-30T23:00:00Z,3.491943359375
Fruška Gora National Park,2012-05-31T23:00:00Z,3.311767578125
Fruška Gora National Park,2012-06-30T23:00:00Z,3.311767578125
Fruška Gora National Park,2012-07-31T23:00:00Z,3.2352294921875
Fruška Gora National Park,2012-08-31T23:00:00Z,3.1424560546875
Fruška Gora National Park,2012-09-30T23:00:00Z,3.1424560546875
Fruška Gora National Park,2012-10-31T23:00:00Z,2.9530029296875
Fruška Gora National Park,2012-11-30T23:00:00Z,2.89111328125
Fruška Gora National Park,2012-12-31T23:00:00Z,2.89111328125
Fruška Gora National Park,2013-01-31T23:00:00Z,2.7674560546875
Fruška Gora National Park,2013-02-28T23:00:00Z,2.9556884765625
Fruška Gora National Park,2013-03-31T23:00:00Z,2.9556884765625
Fruška Gora National Park,2013-04-30T23:00:00Z,3.8441162109375
Fruška Gora National Park,2013-05-31T23:00:00Z,3.8468017578125
Fruška Gora National Park,2013-06-30T23:00:00Z,3.8468017578125
Fruška Gora National Park,2013-07-31T23:00:00Z,3.252685546875
Fruška Gora National Park,2013-08-31T23:00:00Z,3.2030029296875
Fruška Gora National Park,2013-09-30T23:00:00Z,3.7513427734375
Fruška Gora National Park,2013-10-31T23:00:00Z,3.659912109375
Fruška Gora National Park,2013-11-30T23:00:00Z,3.659912109375
Fruška Gora National Park,2013-12-31T23:00:00Z,3.4959716796875
Fruška Gora National Park,2014-01-31T23:00:00Z,3.311767578125
Fruška Gora National Park,2014-02-28T23:00:00Z,3.311767578125
Fruška Gora National Park,2014-03-31T23:00:00Z,3.2271728515625
Fruška Gora National Park,2014-04-30T23:00:00Z,3.1962890625
Fruška Gora National Park,2014-05-31T23:00:00Z,3.1962890625
Fruška Gora National Park,2014-06-30T23:00:00Z,2.9058837890625
Fruška Gora National Park,2014-07-31T23:00:00Z,3.1666259765625
Fruška Gora National Park,2014-08-31T23:00:00Z,3.1666259765625
Fruška Gora National Park,2014-09-30T23:00:00Z,3.7943115234375
Fruška Gora National Park,2014-10-31T23:00:00Z,3.7271728515625
Fruška Gora National Park,2014-11-30T23:00:00Z,3.7271728515625
Fruška Gora National Park,2014-12-31T23:00:00Z,3.3629150390625
Fruška Gora National Park,2015-01-31T23:00:00Z,3.1895751953125
Fruška Gora National Park,2015-02-28T23:00:00Z,3.747314453125
Fruška Gora National Park,2015-03-31T23:00:00Z,3.627685546875
Fruška Gora National Park,2015-04-30T23:00:00Z,3.627685546875
Fruška Gora National Park,2015-05-31T23:00:00Z,3.6505126953125
Fruška Gora National Park,2015-06-30T23:00:00Z,3.4637451171875
Fruška Gora National Park,2015-07-31T23:00:00Z,3.4637451171875
Fruška Gora National Park,2015-08-31T23:00:00Z,3.313232421875
Fruška Gora National Park,2015-09-30T23:00:00Z,3.1949462890625
Fruška Gora National Park,2015-10-31T23:00:00Z,3.1949462890625
Fruška Gora National Park,2015-11-30T23:00:00Z,2.8790283203125
Fruška Gora National Park,2015-12-31T23:00:00Z,2.959716796875
Fruška Gora National Park,2016-01-31T23:00:00Z,2.959716796875
Fruška Gora National Park,2016-02-29T23:00:00Z,3.3857421875
Fruška Gora National Park,2016-03-31T23:00:00Z,3.513427734375
Fruška Gora National Park,2016-04-30T23:00:00Z,3.513427734375
Fruška Gora National Park,2016-05-31T23:00:00Z,3.491943359375
Fruška Gora National Park,2016-06-30T23:00:00Z,3.30908203125
Fruška Gora National Park,2016-07-31T23:00:00Z,3.5860595703125
Fruška Gora National Park,2016-08-31T23:00:00Z,3.4273681640625
Fruška Gora National Park,2016-09-30T23:00:00Z,3.4273681640625
Fruška Gora National Park,2016-10-31T23:00:00Z,3.524169921875
Fruška Gora National Park,2016-11-30T23:00:00Z,3.6962890625
Fruška Gora National Park,2016-12-31T23:00:00Z,3.6962890625
Fruška Gora National Park,2017-01-31T23:00:00Z,3.784912109375
Fruška Gora National Park,2017-02-28T23:00:00Z,3.438232421875
Fruška Gora National Park,2017-03-31T23:00:00Z,3.438232421875
Fruška Gora National Park,2017-04-30T23:00:00Z,3.27685546875
Fruška Gora National Park,2017-05-31T23:00:00Z,3.1854248046875
Fruška Gora National Park,2017-06-30T23:00:00Z,3.1854248046875
Fruška Gora National Park,2017-07-31T23:00:00Z,2.7567138671875
Fruška Gora National Park,2017-08-31T23:00:00Z,3.1666259765625
Fruška Gora National Park,2017-09-30T23:00:00Z,3.1666259765625
Fruška Gora National Park,2017-10-31T23:00:00Z,3.4300537109375
Fruška Gora National Park,2017-11-30T23:00:00Z,3.431396484375
Fruška Gora National Park,2017-12-31T23:00:00Z,3.7822265625
Fruška Gora National Park,2018-01-31T23:00:00Z,4.0914306640625
Fruška Gora National Park,2018-02-28T23:00:00Z,4.0914306640625
Fruška Gora National Park,2018-03-31T23:00:00Z,3.920654296875
Fruška Gora National Park,2018-04-30T23:00:00Z,3.5994873046875
Fruška Gora National Park,2018-05-31T23:00:00Z,3.5994873046875
Fruška Gora National Park,2018-06-30T23:00:00Z,3.978515625
Fruška Gora National Park,2018-07-31T23:00:00Z,3.6922607421875
Fruška Gora National Park,2018-08-31T23:00:00Z,3.6922607421875
Fruška Gora National Park,2018-09-30T23:00:00Z,3.4072265625
Fruška Gora National Park,2018-10-31T23:00:00Z,3.25
Fruška Gora National Park,2018-11-30T23:00:00Z,3.25
Fruška Gora National Park,2018-12-31T23:00:00Z,2.5496826171875
Fruška Gora National Park,2019-01-31T23:00:00Z,2.7271728515625
Fruška Gora National Park,2019-02-28T23:00:00Z,2.7271728515625
Fruška Gora National Park,2019-03-31T23:00:00Z,3.2969970703125
Fruška Gora National Park,2019-04-30T23:00:00Z,3.5860595703125
Fruška Gora National Park,2019-05-31T23:00:00Z,3.7822265625
Fruška Gora National Park,2019-06-30T23:00:00Z,4.0914306640625
Fruška Gora National Park,2019-07-31T23:00:00Z,4.0914306640625
Fruška Gora National Park,2019-08-31T23:00:00Z,3.920654296875
Fruška Gora National Park,2019-09-30T23:00:00Z,3.5994873046875
Fruška Gora National Park,2019-10-31T23:00:00Z,3.5994873046875
Fruška Gora National Park,2019-11-30T23:00:00Z,3.978515625
Fruška Gora National Park,2019-12-31T23:00:00Z,3.6922607421875
Fruška Gora National Park,2020-01-31T23:00:00Z,3.6922607421875
Fruška Gora National Park,2020-02-29T23:00:00Z,3.4072265625
Fruška Gora National Park,2020-03-31T23:00:00Z,3.25
Fruška Gora National Park,2020-04-30T23:00:00Z,3.25
Fruška Gora National Park,2020-05-31T23:00:00Z,2.5496826171875
Fruška Gora National Park,2020-06-30T23:00:00Z,2.7271728515625
Fruška Gora National Park,2020-07-31T23:00:00Z,2.7271728515625
Fruška Gora National Park,2020-08-31T23:00:00Z,3.2969970703125
Fruška Gora National Park,2020-09-30T23:00:00Z,3.5860595703125
Fruška Gora National Park,2020-10-31T23:00:00Z,3.345458984375
Fruška Gora National Park,2020-11-30T23:00:00Z,3.616943359375
Fruška Gora National Park,2020-12-31T23:00:00Z,3.616943359375
Fruška Gora National Park,2021-01-31T23:00:00Z,3.92333984375
Fruška Gora National Park,2021-02-28T23:00:00Z,3.8050537109375
Fruška Gora National Park,2021-03-31T23:00:00Z,3.8050537109375
Fruška Gora National Park,2021-04-30T23:00:00Z,4.0712890625
Fruška Gora National Park,2021-05-31T23:00:00Z,3.823974609375
Fruška Gora National Park,2021-06-30T23:00:00Z,3.823974609375
Fruška Gora National Park,2021-07-31T23:00:00Z,3.334716796875
Fruška Gora National Park,2021-08-31T23:00:00Z,3.1370849609375
Fruška Gora National Park,2021-09-30T23:00:00Z,3.1370849609375
Fruška Gora National Park,2021-10-31T23:00:00Z,2.75
Fruška Gora National Park,2021-11-30T23:00:00Z,2.888427734375
Fruška Gora National Park,2021-12-31T23:00:00Z,2.888427734375
Fruška Gora National Park,2022-01-31T23:00:00Z,3.3333740234375
Fruška Gora National Park,2022-02-28T23:00:00Z,3.443603515625
Fruška Gora National Park,2022-03-31T23:00:00Z,2.5228271484375
Fruška Gora National Park,2022-04-30T23:00:00Z,2.5228271484375
Fruška Gora National Park,2022-05-31T23:00:00Z,2.4246826171875
Fruška Gora National Park,2022-06-30T23:00:00Z,3.8037109375
Fruška Gora National Park,2022-07-31T23:00:00Z,3.8037109375
Fruška Gora National Park,2022-08-31T23:00:00Z,4.5040283203125
Fruška Gora National Park,2022-09-30T23:00:00Z,3.573974609375
Fruška Gora National Park,2022-10-31T23:00:00Z,3.573974609375
Fruška Gora National Park,2022-11-30T23:00:00Z,2.8253173828125
Fruška Gora National Park,2022-12-31T23:00:00Z,3.170654296875
Fruška Gora National Park,2023-01-31T23:00:00Z,3.170654296875
Fruška Gora National Park,2023-02-28T23:00:00Z,3.2110595703125
Fruška Gora National Park,2023-03-31T23:00:00Z,3.0469970703125
Fruška Gora National Park,2023-04-30T23:00:00Z,3.0469970703125
Fruška Gora National Park,2023-05-31T23:00:00Z,3.4691162109375
Fruška Gora National Park,2023-06-30T23:00:00Z,3.4879150390625
Fruška Gora National Park,2023-07-31T23:00:00Z,3.4879150390625
Fruška Gora National Park,2023-08-31T23:00:00Z,0.7392578125
Fruška Gora National Park,2023-09-30T23:00:00Z,0.7392578125
Fruška Gora National Park,2023-10-31T23:00:00Z,0.6129150390625
Fruška Gora National Park,2023-11-30T23:00:00Z,2.95166015625
Fruška Gora National Park,2023-12-31T23:00:00Z,2.95166015625
Fruška Gora National Park,2024-01-31T23:00:00Z,3.9462890625
Fruška Gora National Park,2024-02-29T23:00:00Z,2.893798828125
Fruška Gora National Park,2024-03-31T23:00:00Z,2.893798828125
Fruška Gora National Park,2024-04-30T23:00:00Z,2.959716796875
Fruška Gora National Park,2024-05-31T23:00:00Z,3.4354248046875
Fruška Gora National Park,2024-06-30T23:00:00Z,3.4354248046875
Fruška Gora National Park,2024-07-31T23:00:00Z,2.9879150390625
Fruška Gora National Park,2024-08-31T23:00:00Z,2.7325439453125
Fruška Gora National Park,2024-09-30T23:00:00Z,2.7325439453125
Fruška Gora National Park,2024-10-31T23:00:00Z,3.393798828125
Fruška Gora National Park,2024-11-30T23:00:00Z,3.3642578125
Fruška Gora National Park,2024-12-31T23:00:00Z,3.3642578125
Fruška Gora National Park,2025-01-31T23:00:00Z,0.4718017578125
Fruška Gora National Park,2025-02-28T23:00:00Z,0.4986572265625
Kopaonik National Park,2005-01-31T23:00:00Z,1.938232421875
Kopaonik National Park,2005-02-28T23:00:00Z,1.834716796875
Kopaonik National Park,2005-03-31T23:00:00Z,1.4422607421875
Kopaonik National Park,2005-04-30T23:00:00Z,1.4422607421875
Kopaonik National Park,2005-05-31T23:00:00Z,1.2889404296875
Kopaonik National Park,2005-06-30T23:00:00Z,1.9058837890625
Kopaonik National Park,2005-07-31T23:00:00Z,1.9058837890625
Kopaonik National Park,2005-08-31T23:00:00Z,2.33203125
Kopaonik National Park,2005-09-30T23:00:00Z,2.1693115234375
Kopaonik National Park,2005-10-31T23:00:00Z,2.965087890625
Kopaonik National Park,2005-11-30T23:00:00Z,3.50537109375
Kopaonik National Park,2005-12-31T23:00:00Z,3.50537109375
Kopaonik National Park,2006-01-31T23:00:00Z,2.95703125
Kopaonik National Park,2006-02-28T23:00:00Z,2.5013427734375
Kopaonik National Park,2006-03-31T23:00:00Z,2.5013427734375
Kopaonik National Park,2006-04-30T23:00:00Z,2.6962890625
Kopaonik National Park,2006-05-31T23:00:00Z,2.1317138671875
Kopaonik National Park,2006-06-30T23:00:00Z,2.1317138671875
Kopaonik National Park,2006-07-31T23:00:00Z,2.2325439453125
Kopaonik National Park,2006-08-31T23:00:00Z,1.8360595703125
Kopaonik National Park,2006-09-30T23:00:00Z,1.8360595703125
Kopaonik National Park,2006-10-31T23:00:00Z,1.2177734375
Kopaonik National Park,2006-11-30T23:00:00Z,1.6021728515625
Kopaonik National Park,2006-12-31T23:00:00Z,1.6021728515625
Kopaonik National Park,2007-01-31T23:00:00Z,2.1976318359375
Kopaonik National Park,2007-02-28T23:00:00Z,2.568603515625
Kopaonik National Park,2007-03-31T23:00:00Z,2.965087890625
Kopaonik National Park,2007-04-30T23:00:00Z,3.50537109375
Kopaonik National Park,2007-05-31T23:00:00Z,3.50537109375
Kopaonik National Park,2007-06-30T23:00:00Z,2.95703125
Kopaonik National Park,2007-07-31T23:00:00Z,2.5013427734375
Kopaonik National Park,2007-08-31T23:00:00Z,2.5013427734375
Kopaonik National Park,2007-09-30T23:00:00Z,2.6962890625
Kopaonik National Park,2007-10-31T23:00:00Z,2.1317138671875
Kopaonik National Park,2007-11-30T23:00:00Z,2.1317138671875
Kopaonik National Park,2007-12-31T23:00:00Z,2.2325439453125
Kopaonik National Park,2008-01-31T23:00:00Z,1.8360595703125
Kopaonik National Park,2008-02-29T23:00:00Z,1.8360595703125
Kopaonik National Park,2008-03-31T23:00:00Z,1.2177734375
Kopaonik National Park,2008-04-30T23:00:00Z,1.6021728515625
Kopaonik National Park,2008-05-31T23:00:00Z,1.6021728515625
Kopaonik National Park,2008-06-30T23:00:00Z,2.1976318359375
Kopaonik National Park,2008-07-31T23:00:00Z,2.568603515625
Kopaonik National Park,2008-08-31T23:00:00Z,2.2406005859375
Kopaonik National Park,2008-09-30T23:00:00Z,3.3145751953125
Kopaonik National Park,2008-10-31T23:00:00Z,3.3145751953125
Kopaonik National Park,2008-11-30T23:00:00Z,3.079345703125
Kopaonik National Park,2008-12-31T23:00:00Z,3.0335693359375
Kopaonik National Park,2009-01-31T23:00:00Z,3.0335693359375
Kopaonik National Park,2009-02-28T23:00:00Z,2.9166259765625
Kopaonik National Park,2009-03-31T23:00:00Z,2.0416259765625
Kopaonik National Park,2009-04-30T23:00:00Z,2.0416259765625
Kopaonik National Park,2009-05-31T23:00:00Z,1.95703125
Kopaonik National Park,2009-06-30T23:00:00Z,1.9395751953125
Kopaonik National Park,2009-07-31T23:00:00Z,1.9395751953125
Kopaonik National Park,2009-08-31T23:00:00Z,1.529541015625
Kopaonik National Park,2009-09-30T23:00:00Z,2.1397705078125
Kopaonik National Park,2009-10-31T23:00:00Z,2.1397705078125
Kopaonik National Park,2009-11-30T23:00:00Z,2.5780029296875
Kopaonik National Park,2009-12-31T23:00:00Z,2.3736572265625
Kopaonik National Park,2010-01-31T23:00:00Z,1.2996826171875
Kopaonik National Park,2010-02-28T23:00:00Z,1.2996826171875
Kopaonik National Park,2010-03-31T23:00:00Z,1.350830078125
Kopaonik National Park,2010-04-30T23:00:00Z,3.323974609375
Kopaonik National Park,2010-05-31T23:00:00Z,3.323974609375
Kopaonik National Park,2010-06-30T23:00:00Z,3.6800537109375
Kopaonik National Park,2010-07-31T23:00:00Z,1.8602294921875
Kopaonik National Park,2010-08-31T23:00:00Z,1.8602294921875
Kopaonik National Park,2010-09-30T23:00:00Z,1.1827392578125
Kopaonik National Park,2010-10-31T23:00:00Z,1.8978271484375
Kopaonik National Park,2010-11-30T23:00:00Z,1.8978271484375
Kopaonik National Park,2010-12-31T23:00:00Z,2.01611328125
Kopaonik National Park,2011-01-31T23:00:00Z,1.89111328125
Kopaonik National Park,2011-02-28T23:00:00Z,1.89111328125
Kopaonik National Park,2011-03-31T23:00:00Z,2.915283203125
Kopaonik National Park,2011-04-30T23:00:00Z,2.784912109375
Kopaonik National Park,2011-05-31T23:00:00Z,2.784912109375
Kopaonik National Park,2011-06-30T23:00:00Z,0.399169921875
Kopaonik National Park,2011-07-31T23:00:00Z,0.399169921875
Kopaonik National Park,2011-08-31T23:00:00Z,0.38037109375
Kopaonik National Park,2011-09-30T23:00:00Z,1.46240234375
Kopaonik National Park,2011-10-31T23:00:00Z,1.46240234375
Kopaonik National Park,2011-11-30T23:00:00Z,2.3253173828125
Kopaonik National Park,2011-12-31T23:00:00Z,1.3494873046875
Kopaonik National Park,2012-01-31T23:00:00Z,1.3494873046875
Kopaonik National Park,2012-02-29T23:00:00Z,1.686767578125
Kopaonik National Park,2012-03-31T23:00:00Z,2.0362548828125
Kopaonik National Park,2012-04-30T23:00:00Z,2.0362548828125
Kopaonik National Park,2012-05-31T23:00:00Z,1.7755126953125
Kopaonik National Park,2012-06-30T23:00:00Z,1.6075439453125
Kopaonik National Park,2012-07-31T23:00:00Z,1.6075439453125
Kopaonik National Park,2012-08-31T23:00:00Z,2.5860595703125
Kopaonik National Park,2012-09-30T23:00:00Z,2.3763427734375
Kopaonik National Park,2012-10-31T23:00:00Z,2.3763427734375
Kopaonik National Park,2012-11-30T23:00:00Z,0.3548583984375
Kopaonik National Park,2012-12-31T23:00:00Z,0.3548583984375
Kopaonik National Park,2013-01-31T23:00:00Z,0.3548583984375
Kopaonik National Park,2013-02-28T23:00:00Z,0.3414306640625
Kopaonik National Park,2013-03-31T23:00:00Z,0.9664306640625
Kopaonik National Park,2013-04-30T23:00:00Z,1.7432861328125
Kopaonik National Park,2013-05-31T23:00:00Z,1.7432861328125
Kopaonik National Park,2013-06-30T23:00:00Z,2.981201171875
Kopaonik National Park,2013-07-31T23:00:00Z,3.08203125
Kopaonik National Park,2013-08-31T23:00:00Z,3.08203125
Kopaonik National Park,2013-09-30T23:00:00Z,1.8280029296875
Kopaonik National Park,2013-10-31T23:00:00Z,1.0994873046875
Kopaonik National Park,2013-11-30T23:00:00Z,1.0994873046875
Kopaonik National Park,2013-12-31T23:00:00Z,1.23388671875
Kopaonik National Park,2014-01-31T23:00:00Z,2.209716796875
Kopaonik National Park,2014-02-28T23:00:00Z,1.9193115234375
Kopaonik National Park,2014-03-31T23:00:00Z,1.9193115234375
Kopaonik National Park,2014-04-30T23:00:00Z,0.375
Kopaonik National Park,2014-05-31T23:00:00Z,0.388427734375
Kopaonik National Park,2014-06-30T23:00:00Z,0.388427734375
Kopaonik National Park,2014-07-31T23:00:00Z,0.329345703125
Kopaonik National Park,2014-08-31T23:00:00Z,0.5255126953125
Kopaonik National Park,2014-09-30T23:00:00Z,1.8050537109375
Kopaonik National Park,2014-10-31T23:00:00Z,1.8050537109375
Kopaonik National Park,2014-11-30T23:00:00Z,3.3023681640625
Kopaonik National Park,2014-12-31T23:00:00Z,3.08203125
Kopaonik National Park,2015-01-31T23:00:00Z,3.08203125
Kopaonik National Park,2015-02-28T23:00:00Z,2.3306884765625
Kopaonik National Park,2015-03-31T23:00:00Z,1.6263427734375
Kopaonik National Park,2015-04-30T23:00:00Z,1.6263427734375
Kopaonik National Park,2015-05-31T23:00:00Z,0.8306884765625
Kopaonik National Park,2015-06-30T23:00:00Z,1.2889404296875
Kopaonik National Park,2015-07-31T23:00:00Z,2.193603515625
Kopaonik National Park,2015-08-31T23:00:00Z,2.193603515625
Kopaonik National Park,2015-09-30T23:00:00Z,0.147216796875
Kopaonik National Park,2015-10-31T23:00:00Z,0.137451171875
Kopaonik National Park,2015-11-30T23:00:00Z,0.137451171875
Kopaonik National Park,2015-12-31T23:00:00Z,0.15283203125
Kopaonik National Park,2016-01-31T23:00:00Z,0.1583251953125
Kopaonik National Park,2016-02-29T23:00:00Z,0.1583251953125
Kopaonik National Park,2016-03-31T23:00:00Z,0.156982421875
Kopaonik National Park,2016-04-30T23:00:00Z,0.1639404296875
Kopaonik National Park,2016-05-31T23:00:00Z,0.1639404296875
Kopaonik National Park,2016-06-30T23:00:00Z,0.181884765625
Kopaonik National Park,2016-07-31T23:00:00Z,0.2110595703125
Kopaonik National Park,2016-08-31T23:00:00Z,0.2110595703125
Kopaonik National Park,2016-09-30T23:00:00Z,0.2471923828125
Kopaonik National Park,2016-10-31T23:00:00Z,0.3499755859375
Kopaonik National Park,2016-11-30T23:00:00Z,0.3499755859375
Kopaonik National Park,2016-12-31T23:00:00Z,0.4930419921875
Kopaonik National Park,2017-01-31T23:00:00Z,0.45556640625
Kopaonik National Park,2017-02-28T23:00:00Z,0.15966796875
Kopaonik National Park,2017-03-31T23:00:00Z,0.147216796875
Kopaonik National Park,2017-04-30T23:00:00Z,0.147216796875
Kopaonik National Park,2017-05-31T23:00:00Z,0.1417236328125
Kopaonik National Park,2017-06-30T23:00:00Z,0.1624755859375
Kopaonik National Park,2017-07-31T23:00:00Z,0.1624755859375
Kopaonik National Park,2017-08-31T23:00:00Z,0.16943359375
Kopaonik National Park,2017-09-30T23:00:00Z,0.1666259765625
Kopaonik National Park,2017-10-31T23:00:00Z,0.1666259765625
Kopaonik National Park,2017-11-30T23:00:00Z,0.155517578125
Kopaonik National Park,2017-12-31T23:00:00Z,0.199951171875
Kopaonik National Park,2018-01-31T23:00:00Z,0.199951171875
Kopaonik National Park,2018-02-28T23:00:00Z,0.245849609375
Kopaonik National Park,2018-03-31T23:00:00Z,0.4625244140625
Kopaonik National Park,2018-04-30T23:00:00Z,0.4625244140625
Kopaonik National Park,2018-05-31T23:00:00Z,1.3013916015625
Kopaonik National Park,2018-06-30T23:00:00Z,1.23193359375
Kopaonik National Park,2018-07-31T23:00:00Z,0.175048828125
Kopaonik National Park,2018-08-31T23:00:00Z,0.155517578125
Kopaonik National Park,2018-09-30T23:00:00Z,0.155517578125
Kopaonik National Park,2018-10-31T23:00:00Z,0.15966796875
Kopaonik National Park,2018-11-30T23:00:00Z,0.1444091796875
Kopaonik National Park,2018-12-31T23:00:00Z,0.1444091796875
Kopaonik National Park,2019-01-31T23:00:00Z,0.1458740234375
Kopaonik National Park,2019-02-28T23:00:00Z,0.16943359375
Kopaonik National Park,2019-03-31T23:00:00Z,0.16943359375
Kopaonik National Park,2019-04-30T23:00:00Z,0.1763916015625
Kopaonik National Park,2019-05-31T23:00:00Z,0.209716796875
Kopaonik National Park,2019-06-30T23:00:00Z,0.209716796875
Kopaonik National Park,2019-07-31T23:00:00Z,0.2750244140625
Kopaonik National Park,2019-08-31T23:00:00Z,0.77783203125
Kopaonik National Park,2019-09-30T23:00:00Z,0.77783203125
Kopaonik National Park,2019-10-31T23:00:00Z,2.0430908203125
Kopaonik National Park,2019-11-30T23:00:00Z,2.13330078125
Kopaonik National Park,2019-12-31T23:00:00Z,0.175048828125
Kopaonik National Park,2020-01-31T23:00:00Z,0.155517578125
Kopaonik National Park,2020-02-29T23:00:00Z,0.155517578125
Kopaonik National Park,2020-03-31T23:00:00Z,0.15966796875
Kopaonik National Park,2020-04-30T23:00:00Z,0.1444091796875
Kopaonik National Park,2020-05-31T23:00:00Z,0.1444091796875
Kopaonik National Park,2020-06-30T23:00:00Z,0.1458740234375
Kopaonik National Park,2020-07-31T23:00:00Z,0.16943359375
Kopaonik National Park,2020-08-31T23:00:00Z,0.16943359375
Kopaonik National Park,2020-09-30T23:00:00Z,0.1763916015625
Kopaonik National Park,2020-10-31T23:00:00Z,0.209716796875
Kopaonik National Park,2020-11-30T23:00:00Z,0.209716796875
Kopaonik National Park,2020-12-31T23:00:00Z,0.2750244140625
Kopaonik National Park,2021-01-31T23:00:00Z,0.77783203125
Kopaonik National Park,2021-02-28T23:00:00Z,0.77783203125
Kopaonik National Park,2021-03-31T23:00:00Z,2.0430908203125
Kopaonik National Park,2021-04-30T23:00:00Z,2.13330078125
Kopaonik National Park,2021-05-31T23:00:00Z,0.1944580078125
Kopaonik National Park,2021-06-30T23:00:00Z,0.1624755859375
Kopaonik National Park,2021-07-31T23:00:00Z,0.1624755859375
Kopaonik National Park,2021-08-31T23:00:00Z,0.1680908203125
Kopaonik National Park,2021-09-30T23:00:00Z,0.1707763671875
Kopaonik National Park,2021-10-31T23:00:00Z,0.1707763671875
Kopaonik National Park,2021-11-30T23:00:00Z,0.15283203125
Kopaonik National Park,2021-12-31T23:00:00Z,0.1666259765625
Kopaonik National Park,2022-01-31T23:00:00Z,0.1666259765625
Kopaonik National Park,2022-02-28T23:00:00Z,0.181884765625
Kopaonik National Park,2022-03-31T23:00:00Z,0.237548828125
Kopaonik National Park,2022-04-30T23:00:00Z,0.237548828125
Kopaonik National Park,2022-05-31T23:00:00Z,0.52783203125
Kopaonik National Park,2022-06-30T23:00:00Z,1.15966796875
Kopaonik National Park,2022-07-31T23:00:00Z,1.15966796875
Kopaonik National Park,2022-08-31T23:00:00Z,1.5999755859375
Kopaonik National Park,2022-09-30T23:00:00Z,1.048583984375
Kopaonik National Park,2022-10-31T23:00:00Z,0.236083984375
Kopaonik National Park,2022-11-30T23:00:00Z,0.2083740234375
Kopaonik National Park,2022-12-31T23:00:00Z,0.2083740234375
Kopaonik National Park,2023-01-31T23:00:00Z,0.19580078125
Kopaonik National Park,2023-02-28T23:00:00Z,0.1846923828125
Kopaonik National Park,2023-03-31T23:00:00Z,0.1846923828125
Kopaonik National Park,2023-04-30T23:00:00Z,0.197265625
Kopaonik National Park,2023-05-31T23:00:00Z,0.20556640625
Kopaonik National Park,2023-06-30T23:00:00Z,0.20556640625
Kopaonik National Park,2023-07-31T23:00:00Z,0.2430419921875
Kopaonik National Park,2023-08-31T23:00:00Z,0.2332763671875
Kopaonik National Park,2023-09-30T23:00:00Z,0.2332763671875
Kopaonik National Park,2023-10-31T23:00:00Z,0.4388427734375
Kopaonik National Park,2023-11-30T23:00:00Z,0.8292236328125
Kopaonik National Park,2023-12-31T23:00:00Z,0.8292236328125
Kopaonik National Park,2024-01-31T23:00:00Z,0.4832763671875
Kopaonik National Park,2024-02-29T23:00:00Z,0.2027587890625
Kopaonik National Park,2024-03-31T23:00:00Z,0.4000244140625
Kopaonik National Park,2024-04-30T23:00:00Z,0.290283203125
Kopaonik National Park,2024-05-31T23:00:00Z,0.290283203125
Kopaonik National Park,2024-06-30T23:00:00Z,0.263916015625
Kopaonik National Park,2024-07-31T23:00:00Z,0.2486572265625
Kopaonik National Park,2024-08-31T23:00:00Z,0.2486572265625
Kopaonik National Park,2024-09-30T23:00:00Z,0.2236328125
Kopaonik National Park,2024-10-31T23:00:00Z,0.2332763671875
Kopaonik National Park,2024-11-30T23:00:00Z,0.2332763671875
Kopaonik National Park,2024-12-31T23:00:00Z,0.2347412109375
Kopaonik National Park,2025-01-31T23:00:00Z,0.2486572265625
Kopaonik National Park,2025-02-28T23:00:00Z,0.2486572265625
Tara National Park,2005-01-31T23:00:00Z,3.482177734375
Tara National Park,2005-02-28T23:00:00Z,3.5341796875
Tara National Park,2005-03-31T23:00:00Z,3.5341796875
Tara National Park,2005-04-30T23:00:00Z,0.9300537109375
Tara National Park,2005-05-31T23:00:00Z,0.9300537109375
Tara National Park,2005-06-30T23:00:00Z,0.769287109375
Tara National Park,2005-07-31T23:00:00Z,2.4449462890625
Tara National Park,2005-08-31T23:00:00Z,2.4449462890625
Tara National Park,2005-09-30T23:00:00Z,3.5625
Tara National Park,2005-10-31T23:00:00Z,2.6279296875
Tara National Park,2005-11-30T23:00:00Z,2.6279296875
Tara National Park,2005-12-31T23:00:00Z,2.6875
Tara National Park,2006-01-31T23:00:00Z,3.074462890625
Tara National Park,2006-02-28T23:00:00Z,3.074462890625
Tara National Park,2006-03-31T23:00:00Z,2.8720703125
Tara National Park,2006-04-30T23:00:00Z,2.7276611328125
Tara National Park,2006-05-31T23:00:00Z,2.7276611328125
Tara National Park,2006-06-30T23:00:00Z,3.40625
Tara National Park,2006-07-31T23:00:00Z,3.138427734375
Tara National Park,2006-08-31T23:00:00Z,3.138427734375
Tara National Park,2006-09-30T23:00:00Z,0.483642578125
Tara National Park,2006-10-31T23:00:00Z,0.5908203125
Tara National Park,2006-11-30T23:00:00Z,0.5908203125
Tara National Park,2006-12-31T23:00:00Z,0.610107421875
Tara National Park,2007-01-31T23:00:00Z,2.0045166015625
Tara National Park,2007-02-28T23:00:00Z,3.03125
Tara National Park,2007-03-31T23:00:00Z,3.03125
Tara National Park,2007-04-30T23:00:00Z,3.641357421875
Tara National Park,2007-05-31T23:00:00Z,3.644287109375
Tara National Park,2007-06-30T23:00:00Z,3.644287109375
Tara National Park,2007-07-31T23:00:00Z,2.8363037109375
Tara National Park,2007-08-31T23:00:00Z,2.0892333984375
Tara National Park,2007-09-30T23:00:00Z,2.0892333984375
Tara National Park,2007-10-31T23:00:00Z,2.1502685546875
Tara National Park,2007-11-30T23:00:00Z,2.8675537109375
Tara National Park,2007-12-31T23:00:00Z,2.831787109375
Tara National Park,2008-01-31T23:00:00Z,2.831787109375
Tara National Park,2008-02-29T23:00:00Z,0.3526611328125
Tara National Park,2008-03-31T23:00:00Z,0.5029296875
Tara National Park,2008-04-30T23:00:00Z,0.5029296875
Tara National Park,2008-05-31T23:00:00Z,0.4761962890625
Tara National Park,2008-06-30T23:00:00Z,1.0074462890625
Tara National Park,2008-07-31T23:00:00Z,2.90478515625
Tara National Park,2008-08-31T23:00:00Z,2.90478515625
Tara National Park,2008-09-30T23:00:00Z,3.6175537109375
Tara National Park,2008-10-31T23:00:00Z,3.488037109375
Tara National Park,2008-11-30T23:00:00Z,3.488037109375
Tara National Park,2008-12-31T23:00:00Z,3.267822265625
Tara National Park,2009-01-31T23:00:00Z,2.547607421875
Tara National Park,2009-02-28T23:00:00Z,2.547607421875
Tara National Park,2009-03-31T23:00:00Z,1.5892333984375
Tara National Park,2009-04-30T23:00:00Z,1.953857421875
Tara National Park,2009-05-31T23:00:00Z,2.8660888671875
Tara National Park,2009-06-30T23:00:00Z,2.8660888671875
Tara National Park,2009-07-31T23:00:00Z,0.4139404296875
Tara National Park,2009-08-31T23:00:00Z,0.40185546875
Tara National Park,2009-09-30T23:00:00Z,0.40185546875
Tara National Park,2009-10-31T23:00:00Z,0.459716796875
Tara National Park,2009-11-30T23:00:00Z,0.4556884765625
Tara National Park,2009-12-31T23:00:00Z,0.4556884765625
Tara National Park,2010-01-31T23:00:00Z,0.4072265625
Tara National Park,2010-02-28T23:00:00Z,0.4354248046875
Tara National Park,2010-03-31T23:00:00Z,0.4354248046875
Tara National Park,2010-04-30T23:00:00Z,0.4959716796875
Tara National Park,2010-05-31T23:00:00Z,0.66796875
Tara National Park,2010-06-30T23:00:00Z,0.66796875
Tara National Park,2010-07-31T23:00:00Z,0.80908203125
Tara National Park,2010-08-31T23:00:00Z,1.1949462890625
Tara National Park,2010-09-30T23:00:00Z,1.1949462890625
Tara National Park,2010-10-31T23:00:00Z,1.33203125
Tara National Park,2010-11-30T23:00:00Z,1.2808837890625
Tara National Park,2010-12-31T23:00:00Z,0.3843994140625
Tara National Park,2011-01-31T23:00:00Z,0.399169921875
Tara National Park,2011-02-28T23:00:00Z,0.399169921875
Tara National Park,2011-03-31T23:00:00Z,0.4112548828125
Tara National Park,2011-04-30T23:00:00Z,0.4005126953125
Tara National Park,2011-05-31T23:00:00Z,0.4005126953125
Tara National Park,2011-06-30T23:00:00Z,0.4058837890625
Tara National Park,2011-07-31T23:00:00Z,0.40185546875
Tara National Park,2011-08-31T23:00:00Z,0.40185546875
Tara National Park,2011-09-30T23:00:00Z,0.426025390625
Tara National Park,2011-10-31T23:00:00Z,0.6021728515625
Tara National Park,2011-11-30T23:00:00Z,0.6021728515625
Tara National Park,2011-12-31T23:00:00Z,0.7056884765625
Tara National Park,2012-01-31T23:00:00Z,1.20166015625
Tara National Park,2012-02-29T23:00:00Z,1.20166015625
Tara National Park,2012-03-31T23:00:00Z,2.6397705078125
Tara National Park,2012-04-30T23:00:00Z,2.3521728515625
Tara National Park,2012-05-31T23:00:00Z,0.3978271484375
Tara National Park,2012-06-30T23:00:00Z,0.3951416015625
Tara National Park,2012-07-31T23:00:00Z,0.3951416015625
Tara National Park,2012-08-31T23:00:00Z,0.4139404296875
Tara National Park,2012-09-30T23:00:00Z,0.4556884765625
Tara National Park,2012-10-31T23:00:00Z,0.4556884765625
Tara National Park,2012-11-30T23:00:00Z,0.41796875
Tara National Park,2012-12-31T23:00:00Z,0.4583740234375
Tara National Park,2013-01-31T23:00:00Z,0.4583740234375
Tara National Park,2013-02-28T23:00:00Z,0.478515625
Tara National Park,2013-03-31T23:00:00Z,0.56591796875
Tara National Park,2013-04-30T23:00:00Z,0.56591796875
Tara National Park,2013-05-31T23:00:00Z,0.80908203125
Tara National Park,2013-06-30T23:00:00Z,1.904541015625
Tara National Park,2013-07-31T23:00:00Z,1.904541015625
Tara National Park,2013-08-31T23:00:00Z,3.5672607421875
Tara National Park,2013-09-30T23:00:00Z,3.7728271484375
Tara National Park,2013-10-31T23:00:00Z,0.3978271484375
Tara National Park,2013-11-30T23:00:00Z,0.3951416015625
Tara National Park,2013-12-31T23:00:00Z,0.3951416015625
Tara National Park,2014-01-31T23:00:00Z,0.4139404296875
Tara National Park,2014-02-28T23:00:00Z,0.4556884765625
Tara National Park,2014-03-31T23:00:00Z,0.4556884765625
Tara National Park,2014-04-30T23:00:00Z,0.41796875
Tara National Park,2014-05-31T23:00:00Z,0.4583740234375
Tara National Park,2014-06-30T23:00:00Z,0.4583740234375
Tara National Park,2014-07-31T23:00:00Z,0.478515625
Tara National Park,2014-08-31T23:00:00Z,0.56591796875
Tara National Park,2014-09-30T23:00:00Z,0.56591796875
Tara National Park,2014-10-31T23:00:00Z,0.80908203125
Tara National Park,2014-11-30T23:00:00Z,1.904541015625
Tara National Park,2014-12-31T23:00:00Z,1.904541015625
Tara National Park,2015-01-31T23:00:00Z,3.5672607421875
Tara National Park,2015-02-28T23:00:00Z,3.7728271484375
Tara National Park,2015-03-31T23:00:00Z,0.459716796875
Tara National Park,2015-04-30T23:00:00Z,0.4744873046875
Tara National Park,2015-05-31T23:00:00Z,0.4744873046875
Tara National Park,2015-06-30T23:00:00Z,0.48388671875
Tara National Park,2015-07-31T23:00:00Z,0.529541015625
Tara National Park,2015-08-31T23:00:00Z,0.529541015625
Tara National Park,2015-09-30T23:00:00Z,0.4852294921875
Tara National Park,2015-10-31T23:00:00Z,0.44091796875
Tara National Park,2015-11-30T23:00:00Z,0.44091796875
Tara National Park,2015-12-31T23:00:00Z,0.563232421875
Tara National Park,2016-01-31T23:00:00Z,0.6142578125
Tara National Park,2016-02-29T23:00:00Z,0.6142578125
Tara National Park,2016-03-31T23:00:00Z,1.508056640625
Tara National Park,2016-04-30T23:00:00Z,2.7755126953125
Tara National Park,2016-05-31T23:00:00Z,2.7755126953125
Tara National Park,2016-06-30T23:00:00Z,3.3857421875
Tara National Park,2016-07-31T23:00:00Z,2.568603515625
Tara National Park,2016-08-31T23:00:00Z,0.6236572265625
Tara National Park,2016-09-30T23:00:00Z,0.5201416015625
Tara National Park,2016-10-31T23:00:00Z,0.5201416015625
Tara National Park,2016-11-30T23:00:00Z,0.521484375
Tara National Park,2016-12-31T23:00:00Z,0.4825439453125
Tara National Park,2017-01-31T23:00:00Z,0.4825439453125
Tara National Park,2017-02-28T23:00:00Z,0.4959716796875
Tara National Park,2017-03-31T23:00:00Z,0.5604248046875
Tara National Park,2017-04-30T23:00:00Z,0.5604248046875
Tara National Park,2017-05-31T23:00:00Z,0.63037109375
Tara National Park,2017-06-30T23:00:00Z,0.6719970703125
Tara National Park,2017-07-31T23:00:00Z,0.6719970703125
Tara National Park,2017-08-31T23:00:00Z,1.4058837890625
Tara National Park,2017-09-30T23:00:00Z,2.448974609375
Tara National Park,2017-10-31T23:00:00Z,2.448974609375
Tara National Park,2017-11-30T23:00:00Z,1.513427734375
Tara National Park,2017-12-31T23:00:00Z,0.659912109375
Tara National Park,2018-01-31T23:00:00Z,1.20703125
Tara National Park,2018-02-28T23:00:00Z,0.877685546875
Tara National Park,2018-03-31T23:00:00Z,0.877685546875
Tara National Park,2018-04-30T23:00:00Z,0.8790283203125
Tara National Park,2018-05-31T23:00:00Z,0.6129150390625
Tara National Park,2018-06-30T23:00:00Z,0.6129150390625
Tara National Park,2018-07-31T23:00:00Z,0.58740234375
Tara National Park,2018-08-31T23:00:00Z,0.6612548828125
Tara National Park,2018-09-30T23:00:00Z,0.6612548828125
Tara National Park,2018-10-31T23:00:00Z,0.606201171875
Tara National Park,2018-11-30T23:00:00Z,0.6478271484375
Tara National Park,2018-12-31T23:00:00Z,0.6478271484375
Tara National Park,2019-01-31T23:00:00Z,1.215087890625
Tara National Park,2019-02-28T23:00:00Z,1.1585693359375
Tara National Park,2019-03-31T23:00:00Z,1.1585693359375
Tara National Park,2019-04-30T23:00:00Z,0.646484375
Tara National Park,2019-05-31T23:00:00Z,0.491943359375
Tara National Park,2019-06-30T23:00:00Z,2.25537109375
Tara National Park,2019-07-31T23:00:00Z,1.6854248046875
Tara National Park,2019-08-31T23:00:00Z,1.6854248046875
Tara National Park,2019-09-30T23:00:00Z,1.4986572265625
Tara National Park,2019-10-31T23:00:00Z,1.2083740234375
Tara National Park,2019-11-30T23:00:00Z,1.2083740234375
Tara National Park,2019-12-31T23:00:00Z,0.9798583984375
Tara National Park,2020-01-31T23:00:00Z,1.0753173828125
Tara National Park,2020-02-29T23:00:00Z,1.0753173828125
Tara National Park,2020-03-31T23:00:00Z,0.7567138671875
Tara National Park,2020-04-30T23:00:00Z,0.9005126953125
Tara National Park,2020-05-31T23:00:00Z,0.9005126953125
Tara National Park,2020-06-30T23:00:00Z,1.9959716796875
Tara National Park,2020-07-31T23:00:00Z,1.271484375
Tara National Park,2020-08-31T23:00:00Z,1.271484375
Tara National Park,2020-09-30T23:00:00Z,0.5780029296875
Tara National Park,2020-10-31T23:00:00Z,0.45166015625
Tara National Park,2020-11-30T23:00:00Z,2.99462890625
Tara National Park,2020-12-31T23:00:00Z,2.7701416015625
Tara National Park,2021-01-31T23:00:00Z,2.7701416015625
Tara National Park,2021-02-28T23:00:00Z,2.4072265625
Tara National Park,2021-03-31T23:00:00Z,1.9462890625
Tara National Park,2021-04-30T23:00:00Z,1.9462890625
Tara National Park,2021-05-31T23:00:00Z,1.2996826171875
Tara National Park,2021-06-30T23:00:00Z,1.26611328125
Tara National Park,2021-07-31T23:00:00Z,1.26611328125
Tara National Park,2021-08-31T23:00:00Z,0.9300537109375
Tara National Park,2021-09-30T23:00:00Z,1.0806884765625
Tara National Park,2021-10-31T23:00:00Z,1.0806884765625
Tara National Park,2021-11-30T23:00:00Z,2.271484375
Tara National Park,2021-12-31T23:00:00Z,1.3104248046875
Tara National Park,2022-01-31T23:00:00Z,1.3104248046875
Tara National Park,2022-02-28T23:00:00Z,0.6263427734375
Tara National Park,2022-03-31T23:00:00Z,0.4798583984375
Tara National Park,2022-04-30T23:00:00Z,2.82666015625
Tara National Park,2022-05-31T23:00:00Z,2.4637451171875
Tara National Park,2022-06-30T23:00:00Z,2.4637451171875
Tara National Park,2022-07-31T23:00:00Z,2.5994873046875
Tara National Park,2022-08-31T23:00:00Z,2.58740234375
Tara National Park,2022-09-30T23:00:00Z,2.58740234375
Tara National Park,2022-10-31T23:00:00Z,1.9287109375
Tara National Park,2022-11-30T23:00:00Z,1.3709716796875
Tara National Park,2022-12-31T23:00:00Z,1.3709716796875
Tara National Park,2023-01-31T23:00:00Z,1.165283203125
Tara National Park,2023-02-28T23:00:00Z,1.0147705078125
Tara National Park,2023-03-31T23:00:00Z,1.0147705078125
Tara National Park,2023-04-30T23:00:00Z,1.61962890625
Tara National Park,2023-05-31T23:00:00Z,1.4583740234375
Tara National Park,2023-06-30T23:00:00Z,1.4583740234375
Tara National Park,2023-07-31T23:00:00Z,1.29833984375
Tara National Park,2023-08-31T23:00:00Z,0.779541015625
Tara National Park,2023-09-30T23:00:00Z,3.2808837890625
Tara National Park,2023-10-31T23:00:00Z,3.08203125
Tara National Park,2023-11-30T23:00:00Z,3.08203125
Tara National Park,2023-12-31T23:00:00Z,2.8494873046875
Tara National Park,2024-01-31T23:00:00Z,3.2406005859375
Tara National Park,2024-02-29T23:00:00Z,3.2406005859375
Tara National Park,2024-03-31T23:00:00Z,2.986572265625
Tara National Park,2024-04-30T23:00:00Z,2.1800537109375
Tara National Park,2024-05-31T23:00:00Z,2.1800537109375
Tara National Park,2024-06-30T23:00:00Z,2.181396484375
Tara National Park,2024-07-31T23:00:00Z,1.4246826171875
Tara National Park,2024-08-31T23:00:00Z,1.4246826171875
Tara National Park,2024-09-30T23:00:00Z,1.1505126953125
Tara National Park,2024-10-31T23:00:00Z,1.6895751953125
Tara National Park,2024-11-30T23:00:00Z,1.6895751953125
Tara National Park,2024-12-31T23:00:00Z,2.353515625
Tara National Park,2025-01-31T23:00:00Z,1.8306884765625
Tara National Park,2025-02-28T23:00:00Z,3.545654296875
Đerdap National Park,2005-01-31T23:00:00Z,0.31988525390625
Đerdap National Park,2005-02-28T23:00:00Z,0.31048583984375
Đerdap National Park,2005-03-31T23:00:00Z,0.309814453125
Đerdap National Park,2005-04-30T23:00:00Z,0.32928466796875
Đerdap National Park,2005-05-31T23:00:00Z,0.30706787109375
Đerdap National Park,2005-06-30T23:00:00Z,0.3111572265625
Đerdap National Park,2005-07-31T23:00:00Z,0.3468017578125
Đerdap National Park,2005-08-31T23:00:00Z,0.34747314453125
Đerdap National Park,2005-09-30T23:00:00Z,0.34814453125
Đerdap National Park,2005-10-31T23:00:00Z,0.47039794921875
Đerdap National Park,2005-11-30T23:00:00Z,0.47039794921875
Đerdap National Park,2005-12-31T23:00:00Z,0.45635986328125
Đerdap National Park,2006-01-31T23:00:00Z,0.46978759765625
Đerdap National Park,2006-02-28T23:00:00Z,0.38909912109375
Đerdap National Park,2006-03-31T23:00:00Z,0.399169921875
Đerdap National Park,2006-04-30T23:00:00Z,0.331298828125
Đerdap National Park,2006-05-31T23:00:00Z,0.32257080078125
Đerdap National Park,2006-06-30T23:00:00Z,0.284912109375
Đerdap National Park,2006-07-31T23:00:00Z,0.2977294921875
Đerdap National Park,2006-08-31T23:00:00Z,0.30712890625
Đerdap National Park,2006-09-30T23:00:00Z,0.31451416015625
Đerdap National Park,2006-10-31T23:00:00Z,0.28424072265625
Đerdap National Park,2006-11-30T23:00:00Z,0.28289794921875
Đerdap National Park,2006-12-31T23:00:00Z,0.28900146484375
Đerdap National Park,2007-01-31T23:00:00Z,0.29638671875
Đerdap National Park,2007-02-28T23:00:00Z,0.3165283203125
Đerdap National Park,2007-03-31T23:00:00Z,0.44085693359375
Đerdap National Park,2007-04-30T23:00:00Z,0.46435546875
Đerdap National Park,2007-05-31T23:00:00Z,0.51947021484375
Đerdap National Park,2007-06-30T23:00:00Z,0.48583984375
Đerdap National Park,2007-07-31T23:00:00Z,0.399169921875
Đerdap National Park,2007-08-31T23:00:00Z,0.3897705078125
Đerdap National Park,2007-09-30T23:00:00Z,0.3897705078125
Đerdap National Park,2007-10-31T23:00:00Z,0.35076904296875
Đerdap National Park,2007-11-30T23:00:00Z,0.336669921875
Đerdap National Park,2007-12-31T23:00:00Z,0.336669921875
Đerdap National Park,2008-01-31T23:00:00Z,0.271484375
Đerdap National Park,2008-02-29T23:00:00Z,0.26947021484375
Đerdap National Park,2008-03-31T23:00:00Z,0.26947021484375
Đerdap National Park,2008-04-30T23:00:00Z,0.2513427734375
Đerdap National Park,2008-05-31T23:00:00Z,0.29168701171875
Đerdap National Park,2008-06-30T23:00:00Z,0.2977294921875
Đerdap National Park,2008-07-31T23:00:00Z,0.3232421875
Đerdap National Park,2008-08-31T23:00:00Z,0.44830322265625
Đerdap National Park,2008-09-30T23:00:00Z,0.47784423828125
Đerdap National Park,2008-10-31T23:00:00Z,0.559814453125
Đerdap National Park,2008-11-30T23:00:00Z,0.54498291015625
Đerdap National Park,2008-12-31T23:00:00Z,0.3406982421875
Đerdap National Park,2009-01-31T23:00:00Z,0.36688232421875
Đerdap National Park,2009-02-28T23:00:00Z,0.36688232421875
Đerdap National Park,2009-03-31T23:00:00Z,0.33331298828125
Đerdap National Park,2009-04-30T23:00:00Z,0.32928466796875
Đerdap National Park,2009-05-31T23:00:00Z,0.32928466796875
Đerdap National Park,2009-06-30T23:00:00Z,0.27752685546875
Đerdap National Park,2009-07-31T23:00:00Z,0.29095458984375
Đerdap National Park,2009-08-31T23:00:00Z,0.29095458984375
Đerdap National Park,2009-09-30T23:00:00Z,0.23858642578125
Đerdap National Park,2009-10-31T23:00:00Z,0.25946044921875
Đerdap National Park,2009-11-30T23:00:00Z,0.30645751953125
Đerdap National Park,2009-12-31T23:00:00Z,0.33197021484375
Đerdap National Park,2010-01-31T23:00:00Z,0.5294189453125
Đerdap National Park,2010-02-28T23:00:00Z,0.5537109375
Đerdap National Park,2010-03-31T23:00:00Z,0.63568115234375
Đerdap National Park,2010-04-30T23:00:00Z,0.6827392578125
Đerdap National Park,2010-05-31T23:00:00Z,0.5142822265625
Đerdap National Park,2010-06-30T23:00:00Z,0.5115966796875
Đerdap National Park,2010-07-31T23:00:00Z,0.48590087890625
Đerdap National Park,2010-08-31T23:00:00Z,0.47174072265625
Đerdap National Park,2010-09-30T23:00:00Z,0.47979736328125
Đerdap National Park,2010-10-31T23:00:00Z,0.60687255859375
Đerdap National Park,2010-11-30T23:00:00Z,0.63031005859375
Đerdap National Park,2010-12-31T23:00:00Z,0.63299560546875
Đerdap National Park,2011-01-31T23:00:00Z,0.6434326171875
Đerdap National Park,2011-02-28T23:00:00Z,0.6895751953125
Đerdap National Park,2011-03-31T23:00:00Z,0.70574951171875
Đerdap National Park,2011-04-30T23:00:00Z,0.7113037109375
Đerdap National Park,2011-05-31T23:00:00Z,0.74383544921875
Đerdap National Park,2011-06-30T23:00:00Z,0.54083251953125
Đerdap National Park,2011-07-31T23:00:00Z,0.57208251953125
Đerdap National Park,2011-08-31T23:00:00Z,0.5740966796875
Đerdap National Park,2011-09-30T23:00:00Z,0.60589599609375
Đerdap National Park,2011-10-31T23:00:00Z,0.49066162109375
Đerdap National Park,2011-11-30T23:00:00Z,0.4805908203125
Đerdap National Park,2011-12-31T23:00:00Z,0.41949462890625
Đerdap National Park,2012-01-31T23:00:00Z,0.4935302734375
Đerdap National Park,2012-02-29T23:00:00Z,0.49151611328125
Đerdap National Park,2012-03-31T23:00:00Z,0.54217529296875
Đerdap National Park,2012-04-30T23:00:00Z,0.59173583984375
Đerdap National Park,2012-05-31T23:00:00Z,0.6138916015625
Đerdap National Park,2012-06-30T23:00:00Z,0.6944580078125
Đerdap National Park,2012-07-31T23:00:00Z,0.656005859375
Đerdap National Park,2012-08-31T23:00:00Z,0.66278076171875
Đerdap National Park,2012-09-30T23:00:00Z,0.7120361328125
Đerdap National Park,2012-10-31T23:00:00Z,0.7791748046875
Đerdap National Park,2012-11-30T23:00:00Z,0.5562744140625
Đerdap National Park,2012-12-31T23:00:00Z,0.55279541015625
Đerdap National Park,2013-01-31T23:00:00Z,0.5521240234375
Đerdap National Park,2013-02-28T23:00:00Z,0.47515869140625
Đerdap National Park,2013-03-31T23:00:00Z,0.45306396484375
Đerdap National Park,2013-04-30T23:00:00Z,0.438232421875
Đerdap National Park,2013-05-31T23:00:00Z,0.4583740234375
Đerdap National Park,2013-06-30T23:00:00Z,0.50286865234375
Đerdap National Park,2013-07-31T23:00:00Z,0.496826171875
Đerdap National Park,2013-08-31T23:00:00Z,0.57183837890625
Đerdap National Park,2013-09-30T23:00:00Z,0.61798095703125
Đerdap National Park,2013-10-31T23:00:00Z,0.637451171875
Đerdap National Park,2013-11-30T23:00:00Z,0.72222900390625
Đerdap National Park,2013-12-31T23:00:00Z,0.71923828125
Đerdap National Park,2014-01-31T23:00:00Z,0.72467041015625
Đerdap National Park,2014-02-28T23:00:00Z,0.78369140625
Đerdap National Park,2014-03-31T23:00:00Z,0.9500732421875
Đerdap National Park,2014-04-30T23:00:00Z,0.5401611328125
Đerdap National Park,2014-05-31T23:00:00Z,0.53668212890625
Đerdap National Park,2014-06-30T23:00:00Z,0.50103759765625
Đerdap National Park,2014-07-31T23:00:00Z,0.4664306640625
Đerdap National Park,2014-08-31T23:00:00Z,0.48931884765625
Đerdap National Park,2014-09-30T23:00:00Z,0.45306396484375
Đerdap National Park,2014-10-31T23:00:00Z,0.47320556640625
Đerdap National Park,2014-11-30T23:00:00Z,0.507568359375
Đerdap National Park,2014-12-31T23:00:00Z,0.50286865234375
Đerdap National Park,2015-01-31T23:00:00Z,0.577880859375
Đerdap National Park,2015-02-28T23:00:00Z,0.63006591796875
Đerdap National Park,2015-03-31T23:00:00Z,0.63946533203125
Đerdap National Park,2015-04-30T23:00:00Z,0.7242431640625
Đerdap National Park,2015-05-31T23:00:00Z,0.71856689453125
Đerdap National Park,2015-06-30T23:00:00Z,0.7320556640625
Đerdap National Park,2015-07-31T23:00:00Z,0.79107666015625
Đerdap National Park,2015-08-31T23:00:00Z,0.94873046875
Đerdap National Park,2015-09-30T23:00:00Z,0.52032470703125
Đerdap National Park,2015-10-31T23:00:00Z,0.5098876953125
Đerdap National Park,2015-11-30T23:00:00Z,0.46148681640625
Đerdap National Park,2015-12-31T23:00:00Z,0.464111328125
Đerdap National Park,2016-01-31T23:00:00Z,0.60882568359375
Đerdap National Park,2016-02-29T23:00:00Z,0.561767578125
Đerdap National Park,2016-03-31T23:00:00Z,0.5291748046875
Đerdap National Park,2016-04-30T23:00:00Z,0.5159912109375
Đerdap National Park,2016-05-31T23:00:00Z,0.4937744140625
Đerdap National Park,2016-06-30T23:00:00Z,0.58197021484375
Đerdap National Park,2016-07-31T23:00:00Z,0.5823974609375
Đerdap National Park,2016-08-31T23:00:00Z,0.6025390625
Đerdap National Park,2016-09-30T23:00:00Z,0.83380126953125
Đerdap National Park,2016-10-31T23:00:00Z,0.83929443359375
Đerdap National Park,2016-11-30T23:00:00Z,0.84271240234375
Đerdap National Park,2016-12-31T23:00:00Z,0.89483642578125
Đerdap National Park,2017-01-31T23:00:00Z,0.7779541015625
Đerdap National Park,2017-02-28T23:00:00Z,0.5892333984375
Đerdap National Park,2017-03-31T23:00:00Z,0.5135498046875
Đerdap National Park,2017-04-30T23:00:00Z,0.46514892578125
Đerdap National Park,2017-05-31T23:00:00Z,0.50885009765625
Đerdap National Park,2017-06-30T23:00:00Z,0.54351806640625
Đerdap National Park,2017-07-31T23:00:00Z,0.50384521484375
Đerdap National Park,2017-08-31T23:00:00Z,0.51910400390625
Đerdap National Park,2017-09-30T23:00:00Z,0.55596923828125
Đerdap National Park,2017-10-31T23:00:00Z,0.5364990234375
Đerdap National Park,2017-11-30T23:00:00Z,0.57818603515625
Đerdap National Park,2017-12-31T23:00:00Z,0.616455078125
Đerdap National Park,2018-01-31T23:00:00Z,0.6083984375
Đerdap National Park,2018-02-28T23:00:00Z,0.73968505859375
Đerdap National Park,2018-03-31T23:00:00Z,0.7969970703125
Đerdap National Park,2018-04-30T23:00:00Z,0.7969970703125
Đerdap National Park,2018-05-31T23:00:00Z,0.634521484375
Đerdap National Park,2018-06-30T23:00:00Z,0.4794921875
Đerdap National Park,2018-07-31T23:00:00Z,0.7008056640625
Đerdap National Park,2018-08-31T23:00:00Z,0.572998046875
Đerdap National Park,2018-09-30T23:00:00Z,0.556884765625
Đerdap National Park,2018-10-31T23:00:00Z,0.59600830078125
Đerdap National Park,2018-11-30T23:00:00Z,0.6307373046875
Đerdap National Park,2018-12-31T23:00:00Z,0.6119384765625
Đerdap National Park,2019-01-31T23:00:00Z,0.6202392578125
Đerdap National Park,2019-02-28T23:00:00Z,0.642578125
Đerdap National Park,2019-03-31T23:00:00Z,0.642578125
Đerdap National Park,2019-04-30T23:00:00Z,0.664794921875
Đerdap National Park,2019-05-31T23:00:00Z,0.67022705078125
Đerdap National Park,2019-06-30T23:00:00Z,0.6279296875
Đerdap National Park,2019-07-31T23:00:00Z,0.83074951171875
Đerdap National Park,2019-08-31T23:00:00Z,0.6788330078125
Đerdap National Park,2019-09-30T23:00:00Z,0.6815185546875
Đerdap National Park,2019-10-31T23:00:00Z,0.482177734375
Đerdap National Park,2019-11-30T23:00:00Z,0.53851318359375
Đerdap National Park,2019-12-31T23:00:00Z,0.630859375
Đerdap National Park,2020-01-31T23:00:00Z,0.65447998046875
Đerdap National Park,2020-02-29T23:00:00Z,0.66461181640625
Đerdap National Park,2020-03-31T23:00:00Z,0.63592529296875
Đerdap National Park,2020-04-30T23:00:00Z,0.7264404296875
Đerdap National Park,2020-05-31T23:00:00Z,0.7781982421875
Đerdap National Park,2020-06-30T23:00:00Z,0.77606201171875
Đerdap National Park,2020-07-31T23:00:00Z,0.7802734375
Đerdap National Park,2020-08-31T23:00:00Z,0.75274658203125
Đerdap National Park,2020-09-30T23:00:00Z,0.64300537109375
Đerdap National Park,2020-10-31T23:00:00Z,0.70574951171875
Đerdap National Park,2020-11-30T23:00:00Z,0.69024658203125
Đerdap National Park,2020-12-31T23:00:00Z,0.874267578125
Đerdap National Park,2021-01-31T23:00:00Z,0.77862548828125
Đerdap National Park,2021-02-28T23:00:00Z,0.77252197265625
Đerdap National Park,2021-03-31T23:00:00Z,0.48785400390625
Đerdap National Park,2021-04-30T23:00:00Z,0.49444580078125
Đerdap National Park,2021-05-31T23:00:00Z,0.74139404296875
Đerdap National Park,2021-06-30T23:00:00Z,0.7205810546875
Đerdap National Park,2021-07-31T23:00:00Z,0.736083984375
Đerdap National Park,2021-08-31T23:00:00Z,0.6795654296875
Đerdap National Park,2021-09-30T23:00:00Z,0.7611083984375
Đerdap National Park,2021-10-31T23:00:00Z,0.8128662109375
Đerdap National Park,2021-11-30T23:00:00Z,0.89483642578125
Đerdap National Park,2021-12-31T23:00:00Z,0.82537841796875
Đerdap National Park,2022-01-31T23:00:00Z,0.7978515625
Đerdap National Park,2022-02-28T23:00:00Z,0.69439697265625
Đerdap National Park,2022-03-31T23:00:00Z,0.7626953125
Đerdap National Park,2022-04-30T23:00:00Z,0.7471923828125
Đerdap National Park,2022-05-31T23:00:00Z,0.8680419921875
Đerdap National Park,2022-06-30T23:00:00Z,0.70782470703125
Đerdap National Park,2022-07-31T23:00:00Z,0.70172119140625
Đerdap National Park,2022-08-31T23:00:00Z,0.5440673828125
Đerdap National Park,2022-09-30T23:00:00Z,0.48681640625
Đerdap National Park,2022-10-31T23:00:00Z,0.69415283203125
Đerdap National Park,2022-11-30T23:00:00Z,0.7247314453125
Đerdap National Park,2022-12-31T23:00:00Z,0.740234375
Đerdap National Park,2023-01-31T23:00:00Z,0.71221923828125
Đerdap National Park,2023-02-28T23:00:00Z,0.75274658203125
Đerdap National Park,2023-03-31T23:00:00Z,0.76287841796875
Đerdap National Park,2023-04-30T23:00:00Z,0.72607421875
Đerdap National Park,2023-05-31T23:00:00Z,0.8218994140625
Đerdap National Park,2023-06-30T23:00:00Z,0.768798828125
Đerdap National Park,2023-07-31T23:00:00Z,0.82159423828125
Đerdap National Park,2023-08-31T23:00:00Z,0.73199462890625
Đerdap National Park,2023-09-30T23:00:00Z,0.7198486328125
Đerdap National Park,2023-10-31T23:00:00Z,0.80596923828125
Đerdap National Park,2023-11-30T23:00:00Z,0.74310302734375
Đerdap National Park,2023-12-31T23:00:00Z,0.73028564453125
Đerdap National Park,2024-01-31T23:00:00Z,0.59344482421875
Đerdap National Park,2024-02-29T23:00:00Z,0.46380615234375
Đerdap National Park,2024-03-31T23:00:00Z,0.702392578125
Đerdap National Park,2024-04-30T23:00:00Z,0.6815185546875
Đerdap National Park,2024-05-31T23:00:00Z,0.68890380859375
Đerdap National Park,2024-06-30T23:00:00Z,0.68072509765625
Đerdap National Park,2024-07-31T23:00:00Z,0.8839111328125
Đerdap National Park,2024-08-31T23:00:00Z,0.8839111328125
Đerdap National Park,2024-09-30T23:00:00Z,0.81585693359375
Đerdap National Park,2024-10-31T23:00:00Z,0.77166748046875
Đerdap National Park,2024-11-30T23:00:00Z,0.77166748046875
Đerdap National Park,2024-12-31T23:00:00Z,0.7587890625
Đerdap National Park,2025-01-31T23:00:00Z,0.68646240234375
Đerdap National Park,2025-02-28T23:00:00Z,0.68646240234375
Šar Planina National Park,2005-01-31T23:00:00Z,0.23046875
Šar Planina National Park,2005-02-28T23:00:00Z,0.247314453125
Šar Planina National Park,2005-03-31T23:00:00Z,0.226318359375
Šar Planina National Park,2005-04-30T23:00:00Z,0.239501953125
Šar Planina National Park,2005-05-31T23:00:00Z,0.2381591796875
Šar Planina National Park,2005-06-30T23:00:00Z,0.20703125
Šar Planina National Park,2005-07-31T23:00:00Z,0.285400390625
Šar Planina National Park,2005-08-31T23:00:00Z,0.274658203125
Šar Planina National Park,2005-09-30T23:00:00Z,0.27532958984375
Šar Planina National Park,2005-10-31T23:00:00Z,0.26678466796875
Šar Planina National Park,2005-11-30T23:00:00Z,0.25128173828125
Šar Planina National Park,2005-12-31T23:00:00Z,0.25128173828125
Šar Planina National Park,2006-01-31T23:00:00Z,0.2161865234375
Šar Planina National Park,2006-02-28T23:00:00Z,0.27886962890625
Šar Planina National Park,2006-03-31T23:00:00Z,0.27886962890625
Šar Planina National Park,2006-04-30T23:00:00Z,0.3321533203125
Šar Planina National Park,2006-05-31T23:00:00Z,0.20660400390625
Šar Planina National Park,2006-06-30T23:00:00Z,0.20660400390625
Šar Planina National Park,2006-07-31T23:00:00Z,0.16619873046875
Šar Planina National Park,2006-08-31T23:00:00Z,0.2239990234375
Šar Planina National Park,2006-09-30T23:00:00Z,0.2239990234375
Šar Planina National Park,2006-10-31T23:00:00Z,0.24896240234375
Šar Planina National Park,2006-11-30T23:00:00Z,0.2283935546875
Šar Planina National Park,2006-12-31T23:00:00Z,0.22772216796875
Šar Planina National Park,2007-01-31T23:00:00Z,0.34320068359375
Šar Planina National Park,2007-02-28T23:00:00Z,0.34039306640625
Šar Planina National Park,2007-03-31T23:00:00Z,0.33636474609375
Šar Planina National Park,2007-04-30T23:00:00Z,0.1636962890625
Šar Planina National Park,2007-05-31T23:00:00Z,0.1636962890625
Šar Planina National Park,2007-06-30T23:00:00Z,0.13397216796875
Šar Planina National Park,2007-07-31T23:00:00Z,0.20465087890625
Šar Planina National Park,2007-08-31T23:00:00Z,0.20465087890625
Šar Planina National Park,2007-09-30T23:00:00Z,0.23883056640625
Šar Planina National Park,2007-10-31T23:00:00Z,0.15496826171875
Šar Planina National Park,2007-11-30T23:00:00Z,0.15496826171875
Šar Planina National Park,2007-12-31T23:00:00Z,0.1790771484375
Šar Planina National Park,2008-01-31T23:00:00Z,0.26519775390625
Šar Planina National Park,2008-02-29T23:00:00Z,0.26519775390625
Šar Planina National Park,2008-03-31T23:00:00Z,0.2294921875
Šar Planina National Park,2008-04-30T23:00:00Z,0.2152099609375
Šar Planina National Park,2008-05-31T23:00:00Z,0.19439697265625
Šar Planina National Park,2008-06-30T23:00:00Z,0.30218505859375
Šar Planina National Park,2008-07-31T23:00:00Z,0.31121826171875
Šar Planina National Park,2008-08-31T23:00:00Z,0.30718994140625
Šar Planina National Park,2008-09-30T23:00:00Z,0.12274169921875
Šar Planina National Park,2008-10-31T23:00:00Z,0.14288330078125
Šar Planina National Park,2008-11-30T23:00:00Z,0.13885498046875
Šar Planina National Park,2008-12-31T23:00:00Z,0.10601806640625
Šar Planina National Park,2009-01-31T23:00:00Z,0.1407470703125
Šar Planina National Park,2009-02-28T23:00:00Z,0.191650390625
Šar Planina National Park,2009-03-31T23:00:00Z,0.16748046875
Šar Planina National Park,2009-04-30T23:00:00Z,0.27301025390625
Šar Planina National Park,2009-05-31T23:00:00Z,0.28460693359375
Šar Planina National Park,2009-06-30T23:00:00Z,0.30615234375
Šar Planina National Park,2009-07-31T23:00:00Z,0.20550537109375
Šar Planina National Park,2009-08-31T23:00:00Z,0.14752197265625
Šar Planina National Park,2009-09-30T23:00:00Z,0.1790771484375
Šar Planina National Park,2009-10-31T23:00:00Z,0.14019775390625
Šar Planina National Park,2009-11-30T23:00:00Z,0.245849609375
Šar Planina National Park,2009-12-31T23:00:00Z,0.24102783203125
Šar Planina National Park,2010-01-31T23:00:00Z,0.2430419921875
Šar Planina National Park,2010-02-28T23:00:00Z,0.108642578125
Šar Planina National Park,2010-03-31T23:00:00Z,0.12249755859375
Šar Planina National Park,2010-04-30T23:00:00Z,0.16217041015625
Šar Planina National Park,2010-05-31T23:00:00Z,0.0933837890625
Šar Planina National Park,2010-06-30T23:00:00Z,0.12603759765625
Šar Planina National Park,2010-07-31T23:00:00Z,0.18572998046875
Šar Planina National Park,2010-08-31T23:00:00Z,0.19244384765625
Šar Planina National Park,2010-09-30T23:00:00Z,0.259765625
Šar Planina National Park,2010-10-31T23:00:00Z,0.24346923828125
Šar Planina National Park,2010-11-30T23:00:00Z,0.27239990234375
Šar Planina National Park,2010-12-31T23:00:00Z,0.26544189453125
Šar Planina National Park,2011-01-31T23:00:00Z,0.21368408203125
Šar Planina National Park,2011-02-28T23:00:00Z,0.20159912109375
Šar Planina National Park,2011-03-31T23:00:00Z,0.1373291015625
Šar Planina National Park,2011-04-30T23:00:00Z,0.18316650390625
Šar Planina National Park,2011-05-31T23:00:00Z,0.20928955078125
Šar Planina National Park,2011-06-30T23:00:00Z,0.26910400390625
Šar Planina National Park,2011-07-31T23:00:00Z,0.13446044921875
Šar Planina National Park,2011-08-31T23:00:00Z,0.1875
Šar Planina National Park,2011-09-30T23:00:00Z,0.095458984375
Šar Planina National Park,2011-10-31T23:00:00Z,0.09881591796875
Šar Planina National Park,2011-11-30T23:00:00Z,0.0469970703125
Šar Planina National Park,2011-12-31T23:00:00Z,0.0577392578125
Šar Planina National Park,2012-01-31T23:00:00Z,0.05303955078125
Šar Planina National Park,2012-02-29T23:00:00Z,0.06317138671875
Šar Planina National Park,2012-03-31T23:00:00Z,0.06854248046875
Šar Planina National Park,2012-04-30T23:00:00Z,0.065185546875
Šar Planina National Park,2012-05-31T23:00:00Z,0.0947265625
Šar Planina National Park,2012-06-30T23:00:00Z,0.11016845703125
Šar Planina National Park,2012-07-31T23:00:00Z,0.12164306640625
Šar Planina National Park,2012-08-31T23:00:00Z,0.11358642578125
Šar Planina National Park,2012-09-30T23:00:00Z,0.11358642578125
Šar Planina National Park,2012-10-31T23:00:00Z,0.0987548828125
Šar Planina National Park,2012-11-30T23:00:00Z,0.127685546875
Šar Planina National Park,2012-12-31T23:00:00Z,0.09814453125
Šar Planina National Park,2013-01-31T23:00:00Z,0.12158203125
Šar Planina National Park,2013-02-28T23:00:00Z,0.0577392578125
Šar Planina National Park,2013-03-31T23:00:00Z,0.0537109375
Šar Planina National Park,2013-04-30T23:00:00Z,0.051025390625
Šar Planina National Park,2013-05-31T23:00:00Z,0.08868408203125
Šar Planina National Park,2013-06-30T23:00:00Z,0.0906982421875
Šar Planina National Park,2013-07-31T23:00:00Z,0.06317138671875
Šar Planina National Park,2013-08-31T23:00:00Z,0.04632568359375
Šar Planina National Park,2013-09-30T23:00:00Z,0.04364013671875
Šar Planina National Park,2013-10-31T23:00:00Z,0.08197021484375
Šar Planina National Park,2013-11-30T23:00:00Z,0.086669921875
Šar Planina National Park,2013-12-31T23:00:00Z,0.08935546875
Šar Planina National Park,2014-01-31T23:00:00Z,0.06719970703125
Šar Planina National Park,2014-02-28T23:00:00Z,0.0914306640625
Šar Planina National Park,2014-03-31T23:00:00Z,0.1619873046875
Šar Planina National Park,2014-04-30T23:00:00Z,0.1405029296875
Šar Planina National Park,2014-05-31T23:00:00Z,0.0745849609375
Šar Planina National Park,2014-06-30T23:00:00Z,0.0745849609375
Šar Planina National Park,2014-07-31T23:00:00Z,0.0745849609375
Šar Planina National Park,2014-08-31T23:00:00Z,0.08599853515625
Šar Planina National Park,2014-09-30T23:00:00Z,0.10748291015625
Šar Planina National Park,2014-10-31T23:00:00Z,0.10748291015625
Šar Planina National Park,2014-11-30T23:00:00Z,0.05511474609375
Šar Planina National Park,2014-12-31T23:00:00Z,0.034912109375
Šar Planina National Park,2015-01-31T23:00:00Z,0.034912109375
Šar Planina National Park,2015-02-28T23:00:00Z,0.0416259765625
Šar Planina National Park,2015-03-31T23:00:00Z,0.075927734375
Šar Planina National Park,2015-04-30T23:00:00Z,0.05914306640625
Šar Planina National Park,2015-05-31T23:00:00Z,0.07666015625
Šar Planina National Park,2015-06-30T23:00:00Z,0.08935546875
Šar Planina National Park,2015-07-31T23:00:00Z,0.10552978515625
Šar Planina National Park,2015-08-31T23:00:00Z,0.19085693359375
Šar Planina National Park,2015-09-30T23:00:00Z,0.236572265625
Šar Planina National Park,2015-10-31T23:00:00Z,0.05303955078125
Šar Planina National Park,2015-11-30T23:00:00Z,0.07928466796875
Šar Planina National Park,2015-12-31T23:00:00Z,0.07928466796875
Šar Planina National Park,2016-01-31T23:00:00Z,0.08868408203125
Šar Planina National Park,2016-02-29T23:00:00Z,0.09539794921875
Šar Planina National Park,2016-03-31T23:00:00Z,0.09539794921875
Šar Planina National Park,2016-04-30T23:00:00Z,0.0732421875
Šar Planina National Park,2016-05-31T23:00:00Z,0.04571533203125
Šar Planina National Park,2016-06-30T23:00:00Z,0.04571533203125
Šar Planina National Park,2016-07-31T23:00:00Z,0.03021240234375
Šar Planina National Park,2016-08-31T23:00:00Z,0.0531005859375
Šar Planina National Park,2016-09-30T23:00:00Z,0.0692138671875
Šar Planina National Park,2016-10-31T23:00:00Z,0.08673095703125
Šar Planina National Park,2016-11-30T23:00:00Z,0.17340087890625
Šar Planina National Park,2016-12-31T23:00:00Z,0.1861572265625
Šar Planina National Park,2017-01-31T23:00:00Z,0.271484375
Šar Planina National Park,2017-02-28T23:00:00Z,0.2923583984375
Šar Planina National Park,2017-03-31T23:00:00Z,0.1539306640625
Šar Planina National Park,2017-04-30T23:00:00Z,0.1451416015625
Šar Planina National Park,2017-05-31T23:00:00Z,0.14111328125
Šar Planina National Park,2017-06-30T23:00:00Z,0.1317138671875
Šar Planina National Park,2017-07-31T23:00:00Z,0.13104248046875
Šar Planina National Park,2017-08-31T23:00:00Z,0.138427734375
Šar Planina National Park,2017-09-30T23:00:00Z,0.1397705078125
Šar Planina National Park,2017-10-31T23:00:00Z,0.1357421875
Šar Planina National Park,2017-11-30T23:00:00Z,0.1290283203125
Šar Planina National Park,2017-12-31T23:00:00Z,0.133056640625
Šar Planina National Park,2018-01-31T23:00:00Z,0.13775634765625
Šar Planina National Park,2018-02-28T23:00:00Z,0.1263427734375
Šar Planina National Park,2018-03-31T23:00:00Z,0.15118408203125
Šar Planina National Park,2018-04-30T23:00:00Z,0.209716796875
Šar Planina National Park,2018-05-31T23:00:00Z,0.2003173828125
Šar Planina National Park,2018-06-30T23:00:00Z,0.23455810546875
Šar Planina National Park,2018-07-31T23:00:00Z,0.21978759765625
Šar Planina National Park,2018-08-31T23:00:00Z,0.1485595703125
Šar Planina National Park,2018-09-30T23:00:00Z,0.136474609375
Šar Planina National Park,2018-10-31T23:00:00Z,0.12701416015625
Šar Planina National Park,2018-11-30T23:00:00Z,0.11688232421875
Šar Planina National Park,2018-12-31T23:00:00Z,0.1148681640625
Šar Planina National Park,2019-01-31T23:00:00Z,0.11962890625
Šar Planina National Park,2019-02-28T23:00:00Z,0.13238525390625
Šar Planina National Park,2019-03-31T23:00:00Z,0.13238525390625
Šar Planina National Park,2019-04-30T23:00:00Z,0.13372802734375
Šar Planina National Park,2019-05-31T23:00:00Z,0.14178466796875
Šar Planina National Park,2019-06-30T23:00:00Z,0.13641357421875
Šar Planina National Park,2019-07-31T23:00:00Z,0.17132568359375
Šar Planina National Park,2019-08-31T23:00:00Z,0.179443359375
Šar Planina National Park,2019-09-30T23:00:00Z,0.19287109375
Šar Planina National Park,2019-10-31T23:00:00Z,0.19085693359375
Šar Planina National Park,2019-11-30T23:00:00Z,0.15863037109375
Šar Planina National Park,2019-12-31T23:00:00Z,0.14117431640625
Šar Planina National Park,2020-01-31T23:00:00Z,0.1754150390625
Šar Planina National Park,2020-02-29T23:00:00Z,0.15057373046875
Šar Planina National Park,2020-03-31T23:00:00Z,0.13507080078125
Šar Planina National Park,2020-04-30T23:00:00Z,0.12164306640625
Šar Planina National Park,2020-05-31T23:00:00Z,0.11224365234375
Šar Planina National Park,2020-06-30T23:00:00Z,0.11761474609375
Šar Planina National Park,2020-07-31T23:00:00Z,0.1229248046875
Šar Planina National Park,2020-08-31T23:00:00Z,0.12567138671875
Šar Planina National Park,2020-09-30T23:00:00Z,0.1378173828125
Šar Planina National Park,2020-10-31T23:00:00Z,0.1297607421875
Šar Planina National Park,2020-11-30T23:00:00Z,0.125
Šar Planina National Park,2020-12-31T23:00:00Z,0.18817138671875
Šar Planina National Park,2021-01-31T23:00:00Z,0.22113037109375
Šar Planina National Park,2021-02-28T23:00:00Z,0.163330078125
Šar Planina National Park,2021-03-31T23:00:00Z,0.16131591796875
Šar Planina National Park,2021-04-30T23:00:00Z,0.13446044921875
Šar Planina National Park,2021-05-31T23:00:00Z,0.13848876953125
Šar Planina National Park,2021-06-30T23:00:00Z,0.19830322265625
Šar Planina National Park,2021-07-31T23:00:00Z,0.17138671875
Šar Planina National Park,2021-08-31T23:00:00Z,0.1558837890625
Šar Planina National Park,2021-09-30T23:00:00Z,0.1478271484375
Šar Planina National Park,2021-10-31T23:00:00Z,0.14044189453125
Šar Planina National Park,2021-11-30T23:00:00Z,0.14581298828125
Šar Planina National Park,2021-12-31T23:00:00Z,0.13641357421875
Šar Planina National Park,2022-01-31T23:00:00Z,0.13507080078125
Šar Planina National Park,2022-02-28T23:00:00Z,0.147216796875
Šar Planina National Park,2022-03-31T23:00:00Z,0.131103515625
Šar Planina National Park,2022-04-30T23:00:00Z,0.12701416015625
Šar Planina National Park,2022-05-31T23:00:00Z,0.190185546875
Šar Planina National Park,2022-06-30T23:00:00Z,0.23992919921875
Šar Planina National Park,2022-07-31T23:00:00Z,0.1431884765625
Šar Planina National Park,2022-08-31T23:00:00Z,0.14654541015625
Šar Planina National Park,2022-09-30T23:00:00Z,0.12432861328125
Šar Planina National Park,2022-10-31T23:00:00Z,0.125
Šar Planina National Park,2022-11-30T23:00:00Z,0.22515869140625
Šar Planina National Park,2022-12-31T23:00:00Z,0.21173095703125
Šar Planina National Park,2023-01-31T23:00:00Z,0.19757080078125
Šar Planina National Park,2023-02-28T23:00:00Z,0.1572265625
Šar Planina National Park,2023-03-31T23:00:00Z,0.138427734375
Šar Planina National Park,2023-04-30T23:00:00Z,0.13372802734375
Šar Planina National Park,2023-05-31T23:00:00Z,0.127685546875
Šar Planina National Park,2023-06-30T23:00:00Z,0.127685546875
Šar Planina National Park,2023-07-31T23:00:00Z,0.15325927734375
Šar Planina National Park,2023-08-31T23:00:00Z,0.15594482421875
Šar Planina National Park,2023-09-30T23:00:00Z,0.14715576171875
Šar Planina National Park,2023-10-31T23:00:00Z,0.18072509765625
Šar Planina National Park,2023-11-30T23:00:00Z,0.21368408203125
Šar Planina National Park,2023-12-31T23:00:00Z,0.14654541015625
Šar Planina National Park,2024-01-31T23:00:00Z,0.141845703125
Šar Planina National Park,2024-02-29T23:00:00Z,0.122314453125
Šar Planina National Park,2024-03-31T23:00:00Z,0.1290283203125
Šar Planina National Park,2024-04-30T23:00:00Z,0.1962890625
Šar Planina National Park,2024-05-31T23:00:00Z,0.18817138671875
Šar Planina National Park,2024-06-30T23:00:00Z,0.17669677734375
Šar Planina National Park,2024-07-31T23:00:00Z,0.14178466796875
Šar Planina National Park,2024-08-31T23:00:00Z,0.1505126953125
Šar Planina National Park,2024-09-30T23:00:00Z,0.14715576171875
Šar Planina National Park,2024-10-31T23:00:00Z,0.1142578125
Šar Planina National Park,2024-11-30T23:00:00Z,0.09747314453125
Šar Planina National Park,2024-12-31T23:00:00Z,0.12030029296875
Šar Planina National Park,2025-01-31T23:00:00Z,0.14984130859375
Šar Planina National Park,2025-02-28T23:00:00Z,0.14178466796875
